{"Event":+,"Time":1.621258334397E9,"Pid":1349174475,"From":1,"To":2}{"Event":-,"Time":1.621258334518E9,"Pid":1349174475,"From":1,"To":2}{"Event":r,"Time":1.621258335882E9,"Pid":1349174475,"From":1,"To":2}{"Event":+,"Time":1.62125834437E9,"Pid":-1681978550,"From":1,"To":2}{"Event":-,"Time":1.621258344424E9,"Pid":-1681978550,"From":1,"To":2}{"Event":r,"Time":1.62125834578E9,"Pid":-1681978550,"From":1,"To":2}{"Event":+,"Time":1.62125835437E9,"Pid":914337057,"From":1,"To":2}{"Event":-,"Time":1.621258354426E9,"Pid":914337057,"From":1,"To":2}{"Event":r,"Time":1.621258355778E9,"Pid":914337057,"From":1,"To":2}{"Event":+,"Time":1.621258364369E9,"Pid":-38875606,"From":1,"To":2}{"Event":-,"Time":1.621258364422E9,"Pid":-38875606,"From":1,"To":2}{"Event":r,"Time":1.621258365776E9,"Pid":-38875606,"From":1,"To":2}{"Event":+,"Time":1.62125837437E9,"Pid":2017186640,"From":1,"To":2}{"Event":-,"Time":1.621258374423E9,"Pid":2017186640,"From":1,"To":2}{"Event":r,"Time":1.621258375776E9,"Pid":2017186640,"From":1,"To":2}
